-- phpMyAdmin SQL Dump
-- version 4.0.4.1
-- http://www.phpmyadmin.net
--
-- Host: 127.0.0.1
-- Generation Time: Jan 16, 2014 at 09:17 AM
-- Server version: 5.6.11
-- PHP Version: 5.5.1

SET SQL_MODE = "NO_AUTO_VALUE_ON_ZERO";
SET time_zone = "+00:00";


/*!40101 SET @OLD_CHARACTER_SET_CLIENT=@@CHARACTER_SET_CLIENT */;
/*!40101 SET @OLD_CHARACTER_SET_RESULTS=@@CHARACTER_SET_RESULTS */;
/*!40101 SET @OLD_COLLATION_CONNECTION=@@COLLATION_CONNECTION */;
/*!40101 SET NAMES utf8 */;

--
-- Database: `app_surveys`
--
CREATE DATABASE IF NOT EXISTS `app_surveys` DEFAULT CHARACTER SET utf8 COLLATE utf8_unicode_ci;
USE `app_surveys`;

--
-- Dumping data for table `answered_propositions`
--

INSERT INTO `answered_propositions` (`id`, `answer_id`, `proposition_id`, `body`, `position`) VALUES
(4, 32, 14, 'asdf adf', NULL),
(5, 86, 88, 'nec, diam. Duis mi enim, condimentum eget,', 0),
(6, 13, 68, 'a, dui. Cras pellentesque. Sed dictum.', 5),
(7, 70, 2, 'natoque penatibus et magnis dis parturient montes,', 5),
(8, 9, 71, 'sollicitudin commodo ipsum.', 1),
(9, 63, 42, 'vehicula et, rutrum eu, ultrices sit amet,', 2),
(10, 2, 31, 'mi enim, condimentum', 3),
(11, 38, 78, 'amet, consectetuer', 2),
(12, 34, 86, 'a feugiat tellus lorem eu', 3),
(13, 23, 1, 'amet, consectetuer adipiscing elit. Curabitur sed', 0),
(14, 21, 38, 'Aliquam erat volutpat.', 0),
(15, 23, 57, 'consequat, lectus sit amet luctus vulputate,', 0),
(16, 89, 83, 'tristique senectus et netus et malesuada fames', 4),
(17, 59, 72, 'cursus in,', 1),
(18, 12, 26, 'quis accumsan convallis, ante lectus convallis est,', 3),
(19, 43, 68, 'est. Mauris eu turpis. Nulla aliquet. Proin', 3),
(20, 42, 45, 'rutrum lorem ac risus. Morbi', 3),
(21, 66, 53, 'ac, eleifend vitae, erat. Vivamus nisi. Mauris', 3),
(22, 8, 89, 'mauris blandit mattis.', 3),
(23, 96, 97, 'Donec porttitor tellus non magna. Nam ligula', 5),
(24, 5, 18, 'elit, pretium et, rutrum non, hendrerit', 4),
(25, 90, 85, 'Proin ultrices. Duis volutpat', 0),
(26, 87, 45, 'urna. Nunc quis arcu vel quam dignissim', 2),
(27, 70, 23, 'convallis est, vitae', 1),
(28, 89, 36, 'erat volutpat. Nulla', 1),
(29, 71, 15, 'vel, convallis in, cursus et, eros. Proin', 3),
(30, 96, 88, 'massa rutrum magna. Cras convallis', 2),
(31, 99, 82, 'interdum libero', 4),
(32, 53, 73, 'vitae aliquam eros turpis non enim.', 3),
(33, 17, 43, 'lobortis ultrices.', 0),
(34, 49, 73, 'risus a ultricies adipiscing,', 2),
(35, 46, 24, 'eu tellus. Phasellus elit', 2),
(36, 36, 41, 'semper, dui lectus rutrum urna, nec', 2),
(37, 49, 20, 'lorem, auctor quis, tristique', 1),
(38, 63, 63, 'sed libero.', 4),
(39, 72, 89, 'non, sollicitudin a, malesuada', 4),
(40, 21, 78, 'ac nulla. In tincidunt congue turpis. In', 4),
(41, 65, 2, 'non nisi. Aenean eget', 4),
(42, 10, 96, 'nibh lacinia', 4),
(43, 50, 32, 'nulla ante, iaculis', 5),
(44, 26, 17, 'ipsum dolor', 3),
(45, 20, 38, 'odio sagittis semper. Nam tempor diam', 2),
(46, 91, 98, 'Mauris vel turpis. Aliquam adipiscing lobortis risus.', 1),
(47, 11, 80, 'cursus vestibulum. Mauris magna. Duis', 5),
(48, 28, 45, 'ut, nulla.', 4),
(49, 38, 45, 'ipsum cursus', 1),
(50, 36, 69, 'non, lobortis quis, pede. Suspendisse dui.', 2),
(51, 5, 18, 'elit. Aliquam auctor, velit eget laoreet posuere,', 5),
(52, 11, 31, 'libero est, congue a, aliquet vel,', 5),
(53, 2, 86, 'arcu. Sed eu nibh vulputate mauris sagittis', 0),
(54, 50, 98, 'et malesuada fames ac turpis egestas.', 0),
(55, 10, 83, 'laoreet, libero', 1),
(56, 76, 86, 'Nulla facilisi.', 3),
(57, 49, 44, 'risus odio, auctor vitae, aliquet', 4),
(58, 97, 96, 'Phasellus elit pede, malesuada vel, venenatis', 2),
(59, 73, 5, 'tempus risus. Donec egestas. Duis ac', 0),
(60, 1, 69, 'Fusce diam', 3),
(61, 86, 95, 'magnis dis parturient montes, nascetur ridiculus', 1),
(62, 78, 21, 'arcu. Nunc mauris. Morbi non sapien', 5),
(63, 30, 67, 'diam dictum sapien. Aenean', 4),
(64, 15, 5, 'habitant morbi tristique senectus et netus', 5),
(65, 53, 69, 'pellentesque a,', 1),
(66, 85, 43, 'id ante dictum cursus. Nunc', 5),
(67, 70, 56, 'pretium neque. Morbi quis urna. Nunc', 0),
(68, 81, 41, 'posuere cubilia Curae; Phasellus ornare. Fusce mollis.', 4),
(69, 54, 100, 'odio tristique pharetra. Quisque ac libero nec', 4),
(70, 61, 58, 'imperdiet ullamcorper.', 3),
(71, 11, 81, 'est mauris,', 5),
(72, 71, 26, 'scelerisque mollis. Phasellus libero', 5),
(73, 48, 3, 'magna a tortor. Nunc', 2),
(74, 64, 51, 'nunc sit amet metus. Aliquam erat', 1),
(75, 85, 61, 'magna, malesuada vel, convallis in,', 3),
(76, 68, 21, 'sem semper erat, in consectetuer ipsum', 5),
(77, 78, 46, 'turpis egestas. Fusce aliquet magna a neque.', 0),
(78, 36, 65, 'sollicitudin a, malesuada id,', 1),
(79, 54, 61, 'neque venenatis lacus. Etiam bibendum', 2),
(80, 44, 85, 'ac, eleifend vitae, erat.', 3),
(81, 9, 21, 'facilisis eget, ipsum. Donec sollicitudin adipiscing', 0),
(82, 67, 97, 'dui augue eu tellus. Phasellus', 0),
(83, 93, 1, 'non, cursus', 4),
(84, 75, 11, 'leo elementum sem, vitae', 0);

--
-- Dumping data for table `answers`
--

INSERT INTO `answers` (`id`, `participation_id`, `question_id`, `created_at`, `updated_at`) VALUES
(1, 25, 133, '2013-05-12 21:45:25', '2013-11-20 11:49:21'),
(2, 34, 174, '2013-06-21 21:13:10', '2013-12-19 01:16:25'),
(3, 42, 150, '2014-06-25 08:05:40', '2014-10-28 09:31:21'),
(4, 78, 104, '2014-08-23 02:40:04', '2013-03-27 03:04:44'),
(5, 50, 131, '2013-12-01 08:20:42', '2013-08-25 10:02:34'),
(6, 35, 115, '2014-06-01 00:43:30', '2014-03-16 00:52:35'),
(7, 70, 121, '2013-09-16 10:19:21', '2014-03-08 20:14:40'),
(8, 72, 193, '2013-01-17 21:09:27', '2013-09-24 13:01:17'),
(9, 32, 200, '2013-09-19 04:17:39', '2014-03-18 21:56:09'),
(10, 69, 145, '2014-12-20 06:41:12', '2014-01-04 08:43:15'),
(11, 96, 194, '2013-08-15 09:00:00', '2014-06-30 17:23:33'),
(12, 21, 168, '2014-12-13 03:30:23', '2013-01-16 12:22:47'),
(13, 45, 122, '2014-05-13 20:08:35', '2014-10-06 23:14:00'),
(14, 100, 140, '2014-10-19 05:42:48', '2014-04-09 07:23:46'),
(15, 90, 168, '2015-01-07 07:26:11', '2014-01-15 18:45:06'),
(16, 25, 164, '2014-10-01 00:09:01', '2014-02-27 07:50:17'),
(17, 10, 102, '2014-03-27 19:10:06', '2013-11-09 10:00:03'),
(18, 51, 192, '2013-08-08 03:47:39', '2013-12-12 14:53:54'),
(19, 29, 127, '2014-11-02 23:49:00', '2013-04-06 12:02:48'),
(20, 74, 169, '2013-03-14 12:54:59', '2014-05-26 02:00:03'),
(21, 61, 140, '2013-12-13 13:59:13', '2013-08-29 11:47:12'),
(22, 78, 190, '2013-03-04 01:08:52', '2014-05-31 18:44:12'),
(23, 59, 199, '2013-05-28 08:26:13', '2013-09-10 14:45:30'),
(24, 89, 157, '2013-05-15 00:51:02', '2013-06-03 00:12:48'),
(25, 35, 200, '2013-12-19 19:23:33', '2013-04-18 01:11:40'),
(26, 40, 179, '2014-04-02 09:45:53', '2013-03-12 21:36:33'),
(27, 95, 200, '2014-05-05 20:02:35', '2013-10-07 17:49:54'),
(28, 79, 178, '2013-09-05 09:44:25', '2013-09-14 05:10:08'),
(29, 39, 172, '2014-12-01 16:16:20', '2014-05-12 22:25:01'),
(30, 36, 192, '2013-02-26 15:27:58', '2014-02-27 23:29:29'),
(31, 100, 182, '2014-11-16 16:19:52', '2014-04-05 19:31:16'),
(32, 1, 154, '2014-03-21 08:25:35', '2013-04-12 14:25:23'),
(33, 12, 116, '2013-02-12 08:40:53', '2014-02-18 08:35:16'),
(34, 87, 120, '2014-12-25 18:20:47', '2014-06-29 16:09:44'),
(35, 33, 131, '2014-09-29 17:18:55', '2013-10-23 22:19:14'),
(36, 82, 132, '2014-12-14 06:38:33', '2014-06-01 10:52:22'),
(37, 81, 150, '2013-03-07 08:24:23', '2014-06-05 20:30:14'),
(38, 91, 181, '2014-09-26 06:15:30', '2013-05-25 19:16:06'),
(39, 100, 156, '2014-11-25 13:32:03', '2013-03-22 01:55:20'),
(40, 76, 130, '2014-02-28 17:35:32', '2014-10-27 03:05:58'),
(41, 80, 155, '2013-03-04 08:25:30', '2014-10-16 17:32:47'),
(42, 76, 127, '2014-09-28 14:41:22', '2014-08-25 02:22:43'),
(43, 63, 129, '2013-08-25 20:01:00', '2013-11-19 14:20:21'),
(44, 23, 184, '2014-01-27 15:37:47', '2013-10-11 21:07:18'),
(45, 23, 107, '2014-02-28 05:35:18', '2014-07-25 14:31:45'),
(46, 52, 134, '2013-03-12 02:33:16', '2013-03-18 10:49:30'),
(47, 19, 144, '2013-01-24 02:21:34', '2013-07-09 07:53:48'),
(48, 3, 110, '2014-09-06 02:19:22', '2013-10-09 05:13:24'),
(49, 82, 103, '2013-05-29 20:44:03', '2013-12-06 16:53:41'),
(50, 30, 109, '2013-05-25 04:55:09', '2013-07-20 01:38:26'),
(51, 92, 140, '2013-03-21 04:21:48', '2014-11-09 12:23:02'),
(52, 91, 151, '2014-10-03 07:37:11', '2013-10-24 15:58:54'),
(53, 84, 125, '2014-04-07 00:43:28', '2014-07-25 21:37:37'),
(54, 23, 188, '2014-09-02 05:00:42', '2013-04-17 03:58:53'),
(55, 81, 179, '2014-06-12 23:11:43', '2014-04-09 10:23:14'),
(56, 12, 138, '2013-08-04 21:03:32', '2014-07-06 11:16:49'),
(57, 97, 119, '2014-07-02 15:57:29', '2014-03-28 02:57:47'),
(58, 15, 154, '2013-10-02 14:19:32', '2013-10-27 19:41:25'),
(59, 85, 150, '2013-09-11 16:18:12', '2013-08-29 03:11:31'),
(60, 58, 170, '2013-06-24 14:50:10', '2014-03-17 04:19:04'),
(61, 60, 158, '2013-01-19 14:20:11', '2013-09-14 15:37:08'),
(62, 43, 172, '2014-03-22 11:33:43', '2013-05-12 04:07:27'),
(63, 49, 151, '2014-03-11 02:42:05', '2015-01-08 23:20:54'),
(64, 23, 193, '2013-11-20 21:12:55', '2013-07-16 15:54:13'),
(65, 55, 136, '2013-05-08 14:07:52', '2013-09-20 20:52:51'),
(66, 16, 180, '2014-02-27 11:16:50', '2013-03-14 09:53:07'),
(67, 44, 111, '2013-11-20 23:18:32', '2013-07-22 09:19:42'),
(68, 88, 145, '2014-04-17 04:06:45', '2013-09-19 17:58:30'),
(69, 97, 117, '2013-11-12 09:32:17', '2013-01-18 19:52:54'),
(70, 21, 154, '2013-07-23 16:20:58', '2014-09-11 08:43:21'),
(71, 32, 118, '2013-08-16 12:04:21', '2013-05-03 05:03:59'),
(72, 31, 142, '2013-06-17 07:55:38', '2014-05-16 03:25:25'),
(73, 90, 190, '2014-08-13 06:18:57', '2014-10-17 22:45:18'),
(74, 91, 175, '2013-02-17 09:36:23', '2014-05-31 06:53:16'),
(75, 13, 110, '2014-12-03 01:50:05', '2013-09-08 03:47:49'),
(76, 83, 134, '2013-09-26 03:06:47', '2014-06-05 12:08:46'),
(77, 89, 175, '2013-10-01 13:08:08', '2014-01-21 16:55:15'),
(78, 22, 148, '2013-09-11 05:07:43', '2013-06-03 23:21:53'),
(79, 76, 111, '2014-08-22 13:02:30', '2013-06-27 22:01:23'),
(80, 63, 153, '2014-12-25 17:10:47', '2013-08-10 23:42:55'),
(81, 15, 137, '2014-05-12 13:39:10', '2013-04-28 19:56:20'),
(82, 33, 136, '2014-01-21 04:17:15', '2014-07-01 07:37:31'),
(83, 50, 172, '2014-04-03 18:48:18', '2014-11-30 09:36:55'),
(84, 5, 194, '2013-10-08 05:58:10', '2014-10-06 11:26:38'),
(85, 74, 140, '2014-03-12 20:49:36', '2013-06-07 19:22:29'),
(86, 37, 176, '2013-10-23 21:23:53', '2014-09-23 00:45:26'),
(87, 3, 143, '2013-09-03 21:12:38', '2014-03-07 04:24:50'),
(88, 2, 140, '2013-08-09 06:06:09', '2014-10-14 16:18:10'),
(89, 39, 146, '2014-12-12 23:43:10', '2013-02-12 11:18:46'),
(90, 45, 104, '2013-09-12 08:09:21', '2013-07-05 08:14:08'),
(91, 97, 151, '2014-10-21 19:49:27', '2013-04-02 04:05:25'),
(92, 56, 180, '2014-01-23 04:18:20', '2013-10-21 20:53:31'),
(93, 36, 158, '2013-01-20 20:44:01', '2013-04-24 14:20:31'),
(94, 72, 148, '2013-03-09 08:07:06', '2014-10-20 15:23:29'),
(95, 84, 165, '2014-12-03 21:49:35', '2014-08-16 08:31:10'),
(96, 34, 129, '2014-12-21 05:54:20', '2014-04-10 02:22:15'),
(97, 10, 110, '2014-09-07 02:53:34', '2013-04-26 09:54:50'),
(98, 26, 152, '2014-12-28 16:00:14', '2013-10-10 00:19:49'),
(99, 98, 118, '2014-03-21 05:00:15', '2014-12-30 08:46:26'),
(100, 66, 127, '2013-10-11 14:29:16', '2014-01-20 07:10:10');

--
-- Dumping data for table `participations`
--

INSERT INTO `participations` (`id`, `type`, `taking_id`, `person_id`, `participant_token`) VALUES
(1, 'AnonymousParticipation', 13, 306, 'B500F695-AF85-923E-FC02-1B3762FBD73D'),
(2, 'KnownParticipation', 10, 322, 'EA069B7A-BA44-63A3-EB15-AB0EB1327A92'),
(3, 'KnownParticipation', 2, 496, '298A8266-734D-3983-BA0D-A8280527473D'),
(4, 'AnonymousParticipation', 15, 362, 'D6179ED9-1780-0000-79A7-4A1E44B65DAB'),
(5, 'KnownParticipation', 5, 343, '7661E57E-36ED-8139-3AC0-DA90B4ADAA52'),
(6, 'KnownParticipation', 13, 319, 'A9FAB9CD-20D5-C9E1-3FC7-8C145077612C'),
(7, 'KnownParticipation', 9, 410, '4A9FD457-CF52-0DC1-4CD9-A29D82F6670D'),
(8, 'KnownParticipation', 2, 433, 'E2151CB5-A037-F7A3-7EC1-F134641F3540'),
(9, 'AnonymousParticipation', 4, 495, '1DEC054C-3B46-1590-1763-60C51809EB93'),
(10, 'KnownParticipation', 14, 427, '2CE81620-DAE5-F92F-FE86-4393E19A5AD9'),
(11, 'KnownParticipation', 17, 477, 'C3B3B9A5-DF09-51A7-1AB5-008BF88EF1DC'),
(12, 'AnonymousParticipation', 8, 255, 'BEF6101D-874B-6BE6-4BE3-7AF4B2B6AAD5'),
(13, 'KnownParticipation', 11, 341, '25E29997-0BE6-43F5-F277-ECA1384B32AE'),
(14, 'KnownParticipation', 16, 342, '9F0BFFD8-A9D2-1AE9-7A77-A9B3BB4D2F8F'),
(15, 'AnonymousParticipation', 16, 286, 'E0DEEA9E-72EB-02BF-D9E0-69AC6B68DCD9'),
(16, 'AnonymousParticipation', 8, 428, 'FBE3B2EF-EA11-B9B6-41E2-6B562286751B'),
(17, 'AnonymousParticipation', 4, 362, '60BFD4F4-9770-B710-AB8D-D7C7A0948166'),
(18, 'AnonymousParticipation', 3, 224, 'FF823C10-F5C9-F3CD-F346-8BF26DC2AC82'),
(19, 'AnonymousParticipation', 2, 486, '67273DBD-743A-8D45-A27F-0E5F53225746'),
(20, 'AnonymousParticipation', 19, 220, '8524BA0A-57D5-AE41-B27A-09DC68E222A2'),
(21, 'AnonymousParticipation', 14, 302, '32217A7F-32F4-BF41-4771-7DABC7031DC3'),
(22, 'AnonymousParticipation', 12, 347, '9C1CA989-39BA-1B57-36F3-57FB9DD8F28C'),
(23, 'AnonymousParticipation', 3, 361, '80E54C2E-FA1D-9F9D-3D2B-D4F59C7855D3'),
(24, 'AnonymousParticipation', 7, 466, '998C8056-9BEF-1FD6-A24E-9848F6AEB14C'),
(25, 'AnonymousParticipation', 13, 244, 'EEEC81A7-4205-6A58-C1AC-FA67773C9E38'),
(26, 'KnownParticipation', 13, 375, '0BA301A3-E28A-47E1-3F68-C29BC8835485'),
(27, 'KnownParticipation', 14, 437, '9CAADB1E-2833-D3DA-AC25-911AE82BF600'),
(28, 'AnonymousParticipation', 20, 342, 'DEC474A8-A70B-B8E8-AD39-05E2C9E8A096'),
(29, 'AnonymousParticipation', 12, 386, 'A9105928-315F-DEF9-3840-119AF1B2A63B'),
(30, 'KnownParticipation', 9, 377, '96F2713F-E787-38C3-620B-0E728AA51270'),
(31, 'KnownParticipation', 14, 293, 'C6659692-E3C7-64D1-F667-D4F3EB1DDCA3'),
(32, 'AnonymousParticipation', 2, 477, '88CC1EB3-6215-84BE-C714-07E65F87FDD4'),
(33, 'AnonymousParticipation', 4, 205, '40DC3362-152E-5EC8-771B-1809D4AD0F87'),
(34, 'AnonymousParticipation', 3, 348, 'AC5E4F2A-417D-AEBD-FD67-F639B1A9B68C'),
(35, 'AnonymousParticipation', 8, 416, 'B84A0E68-76FB-010F-FED1-95B29894DC99'),
(36, 'AnonymousParticipation', 16, 468, 'A4DAA0B5-F7A6-3ACD-7DB4-E3BF3A0FA923'),
(37, 'KnownParticipation', 12, 313, '0D530AF8-A4F3-8D2B-2C03-46DB3E2AD894'),
(38, 'KnownParticipation', 13, 500, '4001D053-2B4D-577C-222A-EB38474DF2E2'),
(39, 'KnownParticipation', 8, 403, '121155A0-71A3-957A-119F-38BF48D24F6B'),
(40, 'KnownParticipation', 14, 356, 'A9F6EA38-C9A4-B019-91B2-489202AE87CC'),
(41, 'AnonymousParticipation', 5, 360, 'FCA4F043-B9C9-3C05-65E7-30775E0C5160'),
(42, 'KnownParticipation', 6, 233, '335F2C98-79E9-F667-DE8F-2D2B729C43F4'),
(43, 'KnownParticipation', 14, 469, '7EA14C1C-2218-2D08-C863-B73884F7307F'),
(44, 'KnownParticipation', 12, 261, '64CF4753-850A-BF38-9D54-D131999FA93C'),
(45, 'AnonymousParticipation', 3, 290, 'A0F54D20-37DC-B9A2-16AB-C6597C0DDB56'),
(46, 'AnonymousParticipation', 3, 212, '89D239B3-FF7C-4E22-DA24-A531384CFAEA'),
(47, 'KnownParticipation', 14, 269, 'E46CFCC8-4EE3-FE9F-FD4A-C846D63F1FD1'),
(48, 'AnonymousParticipation', 11, 316, '9F0D554F-1757-307D-AEA1-BC1DFA9E9877'),
(49, 'KnownParticipation', 17, 414, '0671697E-D44A-D8A9-CEF1-617022B69240'),
(50, 'AnonymousParticipation', 20, 208, '55C046F3-3674-6F85-2157-A8ECEECC855C'),
(51, 'KnownParticipation', 10, 242, '2F2417AD-7CF2-0518-D22A-BC2A1342D70A'),
(52, 'AnonymousParticipation', 11, 371, '4D6E9A0A-857B-EF43-A8F5-8F6B7815CC0F'),
(53, 'KnownParticipation', 10, 416, '7C7AB432-10A2-F3A1-4EE2-E5331AE3DB5C'),
(54, 'AnonymousParticipation', 19, 219, '21E0A805-1EEE-076D-7298-C59FC766594F'),
(55, 'AnonymousParticipation', 9, 216, '0ECFC899-563E-029F-5E5F-7B00D62B82C5'),
(56, 'KnownParticipation', 11, 496, 'BC5CDB15-0C77-150D-DCFF-3135FE92604D'),
(57, 'AnonymousParticipation', 19, 372, 'FA4EB4F5-32BD-FD38-7ECF-DDFFF09AB105'),
(58, 'AnonymousParticipation', 8, 390, '2A912579-3587-AD61-C280-6B30DEEB0A5E'),
(59, 'KnownParticipation', 9, 288, 'DE510F34-C32C-11E5-7461-4B5C764F9481'),
(60, 'AnonymousParticipation', 5, 283, 'DF2AD153-C60C-6872-BC29-31944E2A7A6E'),
(61, 'KnownParticipation', 6, 493, '32988724-A993-6B02-BB58-9530E87B6D2B'),
(62, 'KnownParticipation', 6, 289, '9AD3A996-E129-83BB-651D-18FC175A91EC'),
(63, 'KnownParticipation', 7, 403, 'BEF2800C-D437-5578-B876-44B9AAF0AB0B'),
(64, 'AnonymousParticipation', 4, 294, 'F7E07E7B-5A3A-BEA7-7693-94BBC21B97C1'),
(65, 'AnonymousParticipation', 20, 323, 'E04AE4A3-4CC0-5E27-E4D9-0CE1AC452408'),
(66, 'AnonymousParticipation', 10, 475, 'A7E8E48B-6C8C-BE68-65E5-29CC6426B8FE'),
(67, 'KnownParticipation', 14, 201, '39F882B7-E399-28EE-339F-35C139769161'),
(68, 'KnownParticipation', 12, 381, '62928332-8ACD-6FD1-7514-D6FB88B21996'),
(69, 'AnonymousParticipation', 10, 337, '44C4CD87-CF08-3F2A-7E8E-62CC3C9EBF91'),
(70, 'AnonymousParticipation', 8, 401, 'F34D4D05-4AF6-5271-C5A2-4D11D996CD7B'),
(71, 'KnownParticipation', 18, 375, 'E916B82F-4D74-6DEE-FD0E-1CD3D00A127E'),
(72, 'AnonymousParticipation', 20, 456, '0DB941F1-1B00-2582-65CD-506B5D2863B7'),
(73, 'AnonymousParticipation', 11, 337, '4D630BD3-626D-6486-2D4B-7BB22C5324BD'),
(74, 'KnownParticipation', 17, 409, '30FC9D86-F490-D6E8-0333-0FDF874C8ABE'),
(75, 'KnownParticipation', 6, 277, '73ED19A0-FE0E-8CA6-2830-C00896722C92'),
(76, 'AnonymousParticipation', 13, 277, '121C12DD-9C6F-E0E4-8BF3-9159494A3B7E'),
(77, 'KnownParticipation', 4, 209, '7033E8C8-6606-AC40-8B9E-B73CB807A93A'),
(78, 'KnownParticipation', 20, 441, '248A1868-387C-E58E-5F88-A5C04BEC3A1A'),
(79, 'AnonymousParticipation', 17, 444, 'FF442FE2-74ED-1F96-5B54-ACEFF721AEE7'),
(80, 'KnownParticipation', 20, 250, '30168240-E4C2-1B43-0702-D7D0D24DBB5F'),
(81, 'AnonymousParticipation', 9, 212, '9C3AC105-E44B-7E4F-312D-AF0B50F74B9C'),
(82, 'KnownParticipation', 20, 457, 'C0C5E0FC-9AF0-60AE-8E13-619D5C26D8B4'),
(83, 'KnownParticipation', 6, 408, '52F659E8-D82E-BBF4-3FA0-626DF14DBB71'),
(84, 'AnonymousParticipation', 12, 292, '27293D7C-CB02-872F-4689-2DF4BFDAF2C0'),
(85, 'KnownParticipation', 20, 202, '518D5D1A-91EB-6274-5244-6BAE75AB05DB'),
(86, 'KnownParticipation', 16, 248, 'A6F0DAD8-AF3A-12AD-0A31-E9A7DA2503ED'),
(87, 'KnownParticipation', 2, 349, 'DFA5697C-5C80-4F8B-CCCB-2E3D4EE53E81'),
(88, 'KnownParticipation', 4, 382, 'A8B49B47-E208-E434-9EC6-8FDBE469D7F7'),
(89, 'KnownParticipation', 15, 200, 'DA61A807-80B8-AD89-9165-DD4871CAA5D2'),
(90, 'AnonymousParticipation', 3, 249, '2878422C-A0DA-DE85-2EB7-30ECE192C2D2'),
(91, 'AnonymousParticipation', 20, 345, '0D9B9651-8663-8B08-BFBE-9C850A3D746E'),
(92, 'AnonymousParticipation', 12, 473, '885AAD9C-10B7-5277-0BBD-D8C6FC8EAA28'),
(93, 'AnonymousParticipation', 12, 376, 'CEEB9474-0E26-92B4-9E9D-B0FE9A32F257'),
(94, 'AnonymousParticipation', 15, 267, '02DBE42C-035A-46BA-9A09-2F0584F65EF6'),
(95, 'KnownParticipation', 5, 480, 'A2B9C93A-08E3-E392-243E-42FF69E47698'),
(96, 'AnonymousParticipation', 17, 337, '276650C3-B834-1B3D-841F-611F5108C674'),
(97, 'AnonymousParticipation', 19, 339, '9D7AAF0C-3733-5004-13DB-0714337404B4'),
(98, 'AnonymousParticipation', 3, 244, '40501675-703E-B2BA-1C15-11E3E2E2A883'),
(99, 'KnownParticipation', 13, 233, '645DFC52-4F24-8599-8667-B2E3914C01A9'),
(100, 'AnonymousParticipation', 16, 429, 'D1A8F67D-4894-5A2A-80AD-EF46EA370A7E');

--
-- Dumping data for table `propositions`
--

INSERT INTO `propositions` (`id`, `type`, `question_id`, `position`, `title`, `answer_format`, `trigger_action`, `trigger_target_id`, `trigger_target_type`) VALUES
(1, 'OpenedProposition', 177, 2, 'et, eros.', '.*', NULL, NULL, NULL),
(2, 'ClosedProposition', 172, 3, 'et, rutrum eu,', '', NULL, NULL, NULL),
(3, 'OpenedProposition', 138, 3, 'mauris, rhoncus', '.*', NULL, NULL, NULL),
(4, 'ClosedProposition', 136, 2, 'magna. Nam ligula', '', NULL, NULL, NULL),
(5, 'OpenedProposition', 163, 0, 'elit', '.*', NULL, NULL, NULL),
(6, 'ClosedProposition', 104, 0, 'consequat enim', '', NULL, NULL, NULL),
(7, 'OpenedProposition', 180, 0, 'ac nulla. In tincidunt', '.*', NULL, NULL, NULL),
(8, 'ClosedProposition', 178, 3, 'cubilia Curae;', '', NULL, NULL, NULL),
(9, 'OpenedProposition', 180, 2, 'lectus', '.*', NULL, NULL, NULL),
(10, 'ClosedProposition', 176, 2, 'sit amet luctus vulputate,', '', NULL, NULL, NULL),
(11, 'OpenedProposition', 135, 3, 'Sed', '.*', NULL, NULL, NULL),
(12, 'ClosedProposition', 194, 3, 'egestas rhoncus.', '', NULL, NULL, NULL),
(13, 'OpenedProposition', 193, 0, 'tempor, est', '.*', NULL, NULL, NULL),
(14, 'ClosedProposition', 112, 0, 'ligula. Aliquam erat volutpat.', '', NULL, NULL, NULL),
(15, 'OpenedProposition', 157, 2, 'Ut sagittis lobortis', '.*', NULL, NULL, NULL),
(16, 'ClosedProposition', 195, 0, 'dictum. Phasellus in', '', NULL, NULL, NULL),
(17, 'OpenedProposition', 173, 0, 'facilisi. Sed neque.', '.*', NULL, NULL, NULL),
(18, 'ClosedProposition', 168, 2, 'libero nec ligula consectetuer', '', NULL, NULL, NULL),
(19, 'OpenedProposition', 198, 0, 'mi lacinia mattis.', '.*', NULL, NULL, NULL),
(20, 'ClosedProposition', 179, 2, 'ipsum leo', '', NULL, NULL, NULL),
(21, 'OpenedProposition', 176, 0, 'velit eu', '.*', NULL, NULL, NULL),
(22, 'ClosedProposition', 189, 2, 'iaculis nec,', '', NULL, NULL, NULL),
(23, 'OpenedProposition', 142, 3, 'habitant', '.*', NULL, NULL, NULL),
(24, 'ClosedProposition', 152, 1, 'vitae velit', '', NULL, NULL, NULL),
(25, 'OpenedProposition', 125, 1, 'in', '.*', NULL, NULL, NULL),
(26, 'ClosedProposition', 123, 3, 'neque.', '', NULL, NULL, NULL),
(27, 'OpenedProposition', 152, 3, 'bibendum fermentum metus.', '.*', NULL, NULL, NULL),
(28, 'ClosedProposition', 159, 3, 'rutrum', '', NULL, NULL, NULL),
(29, 'OpenedProposition', 104, 3, 'Duis', '.*', NULL, NULL, NULL),
(30, 'ClosedProposition', 120, 2, 'pede. Cras vulputate', '', NULL, NULL, NULL),
(31, 'OpenedProposition', 104, 0, 'elit. Etiam laoreet, libero', '.*', NULL, NULL, NULL),
(32, 'ClosedProposition', 129, 2, 'eu augue porttitor interdum.', '', NULL, NULL, NULL),
(33, 'OpenedProposition', 149, 3, 'consequat', '.*', NULL, NULL, NULL),
(34, 'ClosedProposition', 167, 0, 'Aenean', '', NULL, NULL, NULL),
(35, 'OpenedProposition', 107, 2, 'odio tristique pharetra.', '.*', NULL, NULL, NULL),
(36, 'ClosedProposition', 188, 1, 'Nunc', '', NULL, NULL, NULL),
(37, 'OpenedProposition', 111, 2, 'hendrerit consectetuer, cursus et,', '.*', NULL, NULL, NULL),
(38, 'ClosedProposition', 168, 3, 'fames ac turpis', '', NULL, NULL, NULL),
(39, 'OpenedProposition', 161, 0, 'nibh vulputate mauris', '.*', NULL, NULL, NULL),
(40, 'ClosedProposition', 146, 2, 'purus,', '', NULL, NULL, NULL),
(41, 'OpenedProposition', 155, 0, 'sociosqu ad litora torquent', '.*', NULL, NULL, NULL),
(42, 'ClosedProposition', 190, 2, 'volutpat. Nulla', '', NULL, NULL, NULL),
(43, 'OpenedProposition', 182, 2, 'Quisque porttitor', '.*', NULL, NULL, NULL),
(44, 'ClosedProposition', 109, 1, 'volutpat', '', NULL, NULL, NULL),
(45, 'OpenedProposition', 125, 2, 'lorem ac risus.', '.*', NULL, NULL, NULL),
(46, 'ClosedProposition', 180, 2, 'risus. Nunc ac', '', NULL, NULL, NULL),
(47, 'OpenedProposition', 129, 2, 'aliquet, metus', '.*', NULL, NULL, NULL),
(48, 'ClosedProposition', 104, 3, 'Suspendisse aliquet, sem ut', '', NULL, NULL, NULL),
(49, 'OpenedProposition', 140, 3, 'Praesent luctus. Curabitur egestas', '.*', NULL, NULL, NULL),
(50, 'ClosedProposition', 181, 1, 'Donec fringilla. Donec', '', NULL, NULL, NULL),
(51, 'OpenedProposition', 127, 2, 'metus vitae velit egestas', '.*', NULL, NULL, NULL),
(52, 'ClosedProposition', 154, 3, 'ante. Maecenas mi', '', NULL, NULL, NULL),
(53, 'OpenedProposition', 118, 2, 'in,', '.*', NULL, NULL, NULL),
(54, 'ClosedProposition', 140, 2, 'pretium neque.', '', NULL, NULL, NULL),
(55, 'OpenedProposition', 111, 0, 'Etiam vestibulum massa', '.*', NULL, NULL, NULL),
(56, 'ClosedProposition', 181, 2, 'ante', '', NULL, NULL, NULL),
(57, 'OpenedProposition', 144, 2, 'cursus. Nunc mauris', '.*', NULL, NULL, NULL),
(58, 'ClosedProposition', 161, 2, 'Aliquam erat', '', NULL, NULL, NULL),
(59, 'OpenedProposition', 123, 3, 'ornare tortor at risus.', '.*', NULL, NULL, NULL),
(60, 'ClosedProposition', 183, 1, 'porttitor scelerisque', '', NULL, NULL, NULL),
(61, 'OpenedProposition', 180, 1, 'arcu. Vestibulum', '.*', NULL, NULL, NULL),
(62, 'ClosedProposition', 114, 2, 'feugiat', '', NULL, NULL, NULL),
(63, 'OpenedProposition', 180, 1, 'et ultrices posuere', '.*', NULL, NULL, NULL),
(64, 'ClosedProposition', 103, 3, 'lobortis. Class', '', NULL, NULL, NULL),
(65, 'OpenedProposition', 104, 3, 'quis arcu vel quam', '.*', NULL, NULL, NULL),
(66, 'ClosedProposition', 154, 1, 'mollis', '', NULL, NULL, NULL),
(67, 'OpenedProposition', 105, 0, 'Sed', '.*', NULL, NULL, NULL),
(68, 'ClosedProposition', 182, 3, 'id sapien. Cras', '', NULL, NULL, NULL),
(69, 'OpenedProposition', 144, 3, 'placerat,', '.*', NULL, NULL, NULL),
(70, 'ClosedProposition', 198, 3, 'in', '', NULL, NULL, NULL),
(71, 'OpenedProposition', 147, 2, 'velit. Aliquam', '.*', NULL, NULL, NULL),
(72, 'ClosedProposition', 181, 3, 'est ac facilisis', '', NULL, NULL, NULL),
(73, 'OpenedProposition', 125, 3, 'et nunc. Quisque', '.*', NULL, NULL, NULL),
(74, 'ClosedProposition', 155, 0, 'blandit at, nisi. Cum', '', NULL, NULL, NULL),
(75, 'OpenedProposition', 128, 2, 'mauris', '.*', NULL, NULL, NULL),
(76, 'ClosedProposition', 148, 2, 'consequat enim diam', '', NULL, NULL, NULL),
(77, 'OpenedProposition', 125, 1, 'et', '.*', NULL, NULL, NULL),
(78, 'ClosedProposition', 131, 1, 'ipsum', '', NULL, NULL, NULL),
(79, 'OpenedProposition', 106, 2, 'ornare. Fusce', '.*', NULL, NULL, NULL),
(80, 'ClosedProposition', 189, 1, 'ultrices, mauris ipsum porta', '', NULL, NULL, NULL),
(81, 'OpenedProposition', 146, 1, 'molestie', '.*', NULL, NULL, NULL),
(82, 'ClosedProposition', 166, 0, 'erat. Vivamus', '', NULL, NULL, NULL),
(83, 'OpenedProposition', 104, 3, 'tortor, dictum', '.*', NULL, NULL, NULL),
(84, 'ClosedProposition', 142, 2, 'neque sed', '', NULL, NULL, NULL),
(85, 'OpenedProposition', 194, 1, 'magnis dis parturient montes,', '.*', NULL, NULL, NULL),
(86, 'ClosedProposition', 138, 1, 'mi', '', NULL, NULL, NULL),
(87, 'OpenedProposition', 113, 3, 'pede.', '.*', NULL, NULL, NULL),
(88, 'ClosedProposition', 102, 0, 'ut', '', NULL, NULL, NULL),
(89, 'OpenedProposition', 154, 0, 'facilisi. Sed neque.', '.*', NULL, NULL, NULL),
(90, 'ClosedProposition', 109, 3, 'enim', '', NULL, NULL, NULL),
(91, 'OpenedProposition', 136, 2, 'dis', '.*', NULL, NULL, NULL),
(92, 'ClosedProposition', 190, 3, 'vitae purus gravida sagittis.', '', NULL, NULL, NULL),
(93, 'OpenedProposition', 119, 2, 'enim commodo hendrerit.', '.*', NULL, NULL, NULL),
(94, 'ClosedProposition', 174, 1, 'fames ac', '', NULL, NULL, NULL),
(95, 'OpenedProposition', 134, 3, 'a', '.*', NULL, NULL, NULL),
(96, 'ClosedProposition', 142, 2, 'cursus', '', NULL, NULL, NULL),
(97, 'OpenedProposition', 121, 1, 'ac sem', '.*', NULL, NULL, NULL),
(98, 'ClosedProposition', 174, 0, 'sagittis. Duis gravida. Praesent', '', NULL, NULL, NULL),
(99, 'OpenedProposition', 110, 3, 'Sed', '.*', NULL, NULL, NULL),
(100, 'ClosedProposition', 161, 1, 'placerat eget,', '', NULL, NULL, NULL);

--
-- Dumping data for table `questions`
--

INSERT INTO `questions` (`id`, `type`, `question_group_id`, `title`, `position`, `settings`) VALUES
(1, 'UniqueChoiceQuestion', 4, 'euismod ac, fermentum vel, mauris.', 7, ''),
(102, 'UniqueChoiceQuestion', 9, 'urna et arcu imperdiet ullamcorper.', 6, ''),
(103, 'UniqueChoiceQuestion', 9, 'blandit mattis.', 1, ''),
(104, 'UniqueChoiceQuestion', 1, 'vehicula. Pellentesque tincidunt', 7, ''),
(105, 'UniqueChoiceQuestion', 5, 'iaculis odio. Nam interdum', 8, ''),
(106, 'UniqueChoiceQuestion', 10, 'semper, dui lectus', 9, ''),
(107, 'MultipleChoiceQuestion', 4, 'dignissim tempor', 8, 'min: 1\r\nmax: 10'),
(108, 'MultipleChoiceQuestion', 10, 'semper.', 7, 'min: 1\r\nmax: 10'),
(109, 'MultipleChoiceQuestion', 4, 'Donec', 0, 'min: 1\r\nmax: 10'),
(110, 'MultipleChoiceQuestion', 3, 'Proin eget', 2, 'min: 1\r\nmax: 10'),
(111, 'MultipleChoiceQuestion', 10, 'neque. Morbi quis', 6, 'min: 1\r\nmax: 10'),
(112, 'RangeQuestion', 7, 'neque. Sed eget', 6, 'min: 1\r\nmax: 10\r\nstep: 2'),
(113, 'RangeQuestion', 6, 'amet ante. Vivamus non', 8, 'min: 1\r\nmax: 10\r\nstep: 2'),
(114, 'RangeQuestion', 9, 'rutrum eu, ultrices sit', 0, 'min: 1\r\nmax: 10\r\nstep: 2'),
(115, 'RangeQuestion', 7, 'a, facilisis non, bibendum', 10, 'min: 1\r\nmax: 10\r\nstep: 2'),
(116, 'RangeQuestion', 9, 'quis massa. Mauris', 5, 'min: 1\r\nmax: 10\r\nstep: 2'),
(117, 'RankingQuestion', 7, 'dui augue eu tellus. Phasellus', 0, ''),
(118, 'RankingQuestion', 8, 'nisl arcu iaculis enim,', 3, ''),
(119, 'RankingQuestion', 9, 'aptent taciti sociosqu ad litora', 6, ''),
(120, 'RankingQuestion', 7, 'sit amet ornare', 10, ''),
(121, 'RankingQuestion', 7, 'enim, gravida', 2, ''),
(122, 'UniqueChoiceQuestion', 6, 'pharetra. Quisque ac libero', 10, ''),
(123, 'UniqueChoiceQuestion', 9, 'ad', 7, ''),
(124, 'UniqueChoiceQuestion', 6, 'lobortis ultrices. Vivamus', 7, ''),
(125, 'UniqueChoiceQuestion', 8, 'non', 5, ''),
(126, 'UniqueChoiceQuestion', 5, 'elit. Nulla facilisi.', 6, ''),
(127, 'MultipleChoiceQuestion', 2, 'nisl. Nulla eu neque pellentesque', 7, 'min: 1\r\nmax: 10'),
(128, 'MultipleChoiceQuestion', 10, 'facilisis non, bibendum', 4, 'min: 1\r\nmax: 10'),
(129, 'MultipleChoiceQuestion', 9, 'adipiscing elit.', 1, 'min: 1\r\nmax: 10'),
(130, 'MultipleChoiceQuestion', 5, 'tristique pharetra. Quisque ac', 9, 'min: 1\r\nmax: 10'),
(131, 'MultipleChoiceQuestion', 2, 'sit amet massa.', 6, 'min: 1\r\nmax: 10'),
(132, 'RangeQuestion', 3, 'porttitor vulputate, posuere', 1, 'min: 1\r\nmax: 10\r\nstep: 2'),
(133, 'RangeQuestion', 10, 'amet, faucibus ut, nulla.', 7, 'min: 1\r\nmax: 10\r\nstep: 2'),
(134, 'RangeQuestion', 3, 'Nullam vitae', 1, 'min: 1\r\nmax: 10\r\nstep: 2'),
(135, 'RangeQuestion', 5, 'tellus non', 4, 'min: 1\r\nmax: 10\r\nstep: 2'),
(136, 'RangeQuestion', 4, 'fringilla', 3, 'min: 1\r\nmax: 10\r\nstep: 2'),
(137, 'RankingQuestion', 1, 'natoque penatibus', 0, ''),
(138, 'RankingQuestion', 4, 'Aliquam', 2, ''),
(139, 'RankingQuestion', 4, 'nec tempus scelerisque,', 7, ''),
(140, 'RankingQuestion', 8, 'lectus quis massa. Mauris', 5, ''),
(141, 'RankingQuestion', 1, 'nibh dolor, nonummy ac, feugiat', 7, ''),
(142, 'UniqueChoiceQuestion', 5, 'magna', 8, ''),
(143, 'UniqueChoiceQuestion', 10, 'egestas. Fusce', 6, ''),
(144, 'UniqueChoiceQuestion', 7, 'mi lorem, vehicula', 7, ''),
(145, 'UniqueChoiceQuestion', 4, 'Vestibulum ante ipsum', 9, ''),
(146, 'UniqueChoiceQuestion', 2, 'orci, in consequat', 10, ''),
(147, 'MultipleChoiceQuestion', 3, 'dignissim lacus. Aliquam rutrum lorem', 0, 'min: 1\r\nmax: 10'),
(148, 'MultipleChoiceQuestion', 1, 'orci. Ut semper', 3, 'min: 1\r\nmax: 10'),
(149, 'MultipleChoiceQuestion', 5, 'Duis cursus,', 2, 'min: 1\r\nmax: 10'),
(150, 'MultipleChoiceQuestion', 3, 'tellus sem mollis dui,', 10, 'min: 1\r\nmax: 10'),
(151, 'MultipleChoiceQuestion', 8, 'vitae semper egestas, urna', 4, 'min: 1\r\nmax: 10'),
(152, 'RangeQuestion', 1, 'et', 6, 'min: 1\r\nmax: 10\r\nstep: 2'),
(153, 'RangeQuestion', 4, 'inceptos hymenaeos.', 2, 'min: 1\r\nmax: 10\r\nstep: 2'),
(154, 'RangeQuestion', 1, 'molestie', 8, 'min: 1\r\nmax: 10\r\nstep: 2'),
(155, 'RangeQuestion', 6, 'bibendum fermentum metus.', 2, 'min: 1\r\nmax: 10\r\nstep: 2'),
(156, 'RangeQuestion', 8, 'pellentesque eget, dictum placerat, augue.', 5, 'min: 1\r\nmax: 10\r\nstep: 2'),
(157, 'RankingQuestion', 3, 'eget, ipsum.', 4, ''),
(158, 'RankingQuestion', 3, 'non, egestas', 9, ''),
(159, 'RankingQuestion', 9, 'magna nec quam. Curabitur', 9, ''),
(160, 'RankingQuestion', 2, 'eget lacus. Mauris non dui', 10, ''),
(161, 'RankingQuestion', 6, 'cursus et,', 1, ''),
(162, 'UniqueChoiceQuestion', 10, 'ante bibendum ullamcorper. Duis', 4, ''),
(163, 'UniqueChoiceQuestion', 10, 'vitae, erat. Vivamus', 10, ''),
(164, 'UniqueChoiceQuestion', 6, 'et, magna. Praesent', 8, ''),
(165, 'UniqueChoiceQuestion', 10, 'feugiat. Lorem ipsum dolor sit', 7, ''),
(166, 'UniqueChoiceQuestion', 10, 'non', 1, ''),
(167, 'MultipleChoiceQuestion', 7, 'Donec consectetuer mauris id', 10, 'min: 1\r\nmax: 10'),
(168, 'MultipleChoiceQuestion', 3, 'eu arcu. Morbi', 10, 'min: 1\r\nmax: 10'),
(169, 'MultipleChoiceQuestion', 8, 'nec quam. Curabitur vel', 6, 'min: 1\r\nmax: 10'),
(170, 'MultipleChoiceQuestion', 6, 'malesuada vel, venenatis vel,', 3, 'min: 1\r\nmax: 10'),
(171, 'MultipleChoiceQuestion', 7, 'enim', 9, 'min: 1\r\nmax: 10'),
(172, 'RangeQuestion', 1, 'egestas nunc sed libero.', 10, 'min: 1\r\nmax: 10\r\nstep: 2'),
(173, 'RangeQuestion', 9, 'Cras dolor', 9, 'min: 1\r\nmax: 10\r\nstep: 2'),
(174, 'RangeQuestion', 4, 'pede nec ante blandit viverra.', 8, 'min: 1\r\nmax: 10\r\nstep: 2'),
(175, 'RangeQuestion', 6, 'nec enim. Nunc ut erat.', 9, 'min: 1\r\nmax: 10\r\nstep: 2'),
(176, 'RangeQuestion', 8, 'primis', 8, 'min: 1\r\nmax: 10\r\nstep: 2'),
(177, 'RankingQuestion', 2, 'pulvinar arcu', 3, ''),
(178, 'RankingQuestion', 5, 'et, eros. Proin ultrices.', 6, ''),
(179, 'RankingQuestion', 7, 'nunc', 9, ''),
(180, 'RankingQuestion', 10, 'aliquam arcu. Aliquam ultrices', 2, ''),
(181, 'RankingQuestion', 3, 'consectetuer', 2, ''),
(182, 'UniqueChoiceQuestion', 7, 'malesuada fames ac', 8, ''),
(183, 'UniqueChoiceQuestion', 8, 'in', 1, ''),
(184, 'UniqueChoiceQuestion', 4, 'vel pede blandit congue.', 0, ''),
(185, 'UniqueChoiceQuestion', 2, 'nunc est,', 0, ''),
(186, 'UniqueChoiceQuestion', 1, 'ac ipsum. Phasellus vitae mauris', 0, ''),
(187, 'MultipleChoiceQuestion', 5, 'Nunc mauris. Morbi non sapien', 8, 'min: 1\r\nmax: 10'),
(188, 'MultipleChoiceQuestion', 7, 'facilisis non,', 4, 'min: 1\r\nmax: 10'),
(189, 'MultipleChoiceQuestion', 10, 'lacus. Quisque imperdiet, erat nonummy', 5, 'min: 1\r\nmax: 10'),
(190, 'MultipleChoiceQuestion', 9, 'posuere, enim nisl', 5, 'min: 1\r\nmax: 10'),
(191, 'MultipleChoiceQuestion', 1, 'sed leo. Cras vehicula', 10, 'min: 1\r\nmax: 10'),
(192, 'RangeQuestion', 7, 'vel', 3, 'min: 1\r\nmax: 10\r\nstep: 2'),
(193, 'RangeQuestion', 6, 'Aliquam rutrum', 4, 'min: 1\r\nmax: 10\r\nstep: 2'),
(194, 'RangeQuestion', 1, 'fringilla est. Mauris eu', 10, 'min: 1\r\nmax: 10\r\nstep: 2'),
(195, 'RangeQuestion', 1, 'Sed molestie.', 9, 'min: 1\r\nmax: 10\r\nstep: 2'),
(196, 'RangeQuestion', 9, 'tellus eu augue porttitor interdum.', 0, 'min: 1\r\nmax: 10\r\nstep: 2'),
(197, 'RankingQuestion', 3, 'pede. Cras vulputate', 4, ''),
(198, 'RankingQuestion', 9, 'lorem fringilla ornare', 5, ''),
(199, 'RankingQuestion', 10, 'nibh dolor, nonummy ac,', 4, ''),
(200, 'RankingQuestion', 4, 'ipsum dolor', 3, ''),
(201, 'RankingQuestion', 6, 'interdum', 7, '');

--
-- Dumping data for table `question_groups`
--

INSERT INTO `question_groups` (`id`, `survey_id`, `title`, `position`) VALUES
(1, 7, 'pellentesque a, facilisis non, bibendum sed,', 1),
(2, 1, 'cursus et, magna.', 2),
(3, 1, 'et magnis', 1),
(4, 2, 'Ut sagittis', 3),
(5, 4, 'magna. Phasellus dolor elit, pellentesque', 3),
(6, 2, 'sagittis placerat.', 0),
(7, 10, 'id, blandit at, nisi. Cum sociis natoque penatibus et', 1),
(8, 5, 'congue. In scelerisque scelerisque dui.', 3),
(9, 3, 'lectus justo eu arcu.', 0),
(10, 3, 'ridiculus mus. Aenean eget magna. Suspendisse', 0);

--
-- Dumping data for table `surveys`
--

INSERT INTO `surveys` (`id`, `title`, `description`, `created_for_id`, `created_by_id`, `created_at`, `updated_by_id`, `updated_at`) VALUES
(1, 'ut dolor dapibus gravida. Aliquam tincidunt, nunc', 'fringilla, porttitor vulputate, posuere vulputate, lacus. Cras interdum. Nunc sollicitudin commodo ipsum. Suspendisse non leo. Vivamus nibh dolor, nonummy ac,', 9, 8, '1969-12-31 16:00:00', 10, '1969-12-31 16:00:00'),
(2, 'tellus. Aenean egestas hendrerit neque. In ornare sagittis felis.', 'Proin eget odio. Aliquam vulputate ullamcorper magna. Sed eu eros. Nam consequat dolor vitae dolor. Donec fringilla. Donec', 9, 3, '1969-12-31 16:00:00', 0, '1969-12-31 16:00:00'),
(3, 'dictum augue malesuada malesuada. Integer id', 'nec luctus felis purus ac tellus. Suspendisse sed dolor.', 7, 1, '1969-12-31 16:00:00', 6, '1969-12-31 16:00:00'),
(4, 'arcu. Curabitur', 'Proin ultrices. Duis volutpat nunc sit amet metus. Aliquam erat volutpat. Nulla facilisis. Suspendisse commodo tincidunt nibh. Phasellus', 3, 10, '1969-12-31 16:00:00', 9, '1969-12-31 16:00:00'),
(5, 'leo elementum', 'Vestibulum ante ipsum primis in faucibus', 8, 4, '1969-12-31 16:00:00', 7, '1969-12-31 16:00:00'),
(6, 'Mauris nulla. Integer', 'nascetur ridiculus mus. Donec dignissim magna a tortor. Nunc commodo', 2, 4, '1969-12-31 16:00:00', 10, '1969-12-31 16:00:00'),
(7, 'nunc sed', 'auctor non, feugiat nec, diam. Duis mi enim, condimentum eget, volutpat ornare, facilisis eget, ipsum.', 10, 1, '1969-12-31 16:00:00', 8, '1969-12-31 16:00:00'),
(8, 'pharetra', 'risus. Duis a mi fringilla mi lacinia mattis. Integer eu', 5, 4, '1969-12-31 16:00:00', 7, '1969-12-31 16:00:00'),
(9, 'senectus et netus et malesuada', 'velit eu sem. Pellentesque ut ipsum ac mi eleifend egestas. Sed', 1, 4, '1969-12-31 16:00:00', 2, '1969-12-31 16:00:00'),
(10, 'urna suscipit nonummy. Fusce', 'placerat velit. Quisque varius. Nam porttitor scelerisque neque. Nullam nisl. Maecenas malesuada fringilla est. Mauris eu turpis. Nulla aliquet. Proin', 1, 6, '1969-12-31 16:00:00', 2, '1969-12-31 16:00:00');

--
-- Dumping data for table `takings`
--

INSERT INTO `takings` (`id`, `survey_id`, `anonymous`, `state`, `comment`, `starts_at`, `ends_at`) VALUES
(1, 5, 1, 'finished', 'dapibus id, blandit at, nisi. Cum sociis', '2013-07-27 03:35:49', '2013-09-29 19:55:01'),
(2, 4, 0, 'created', 'mauris sit amet lorem semper', '2013-12-20 12:37:32', '2013-04-18 21:02:33'),
(3, 6, 1, 'finished', 'facilisis non, bibendum sed, est.', '2013-01-31 14:46:48', '2014-06-18 22:06:10'),
(4, 5, 1, 'closed', 'tristique neque venenatis lacus. Etiam bibendum', '2013-06-17 06:34:04', '2014-12-07 14:03:47'),
(5, 10, 1, 'created', 'dolor. Donec fringilla. Donec feugiat metus sit amet ante.', '2013-04-03 10:02:11', '2013-06-06 19:46:25'),
(6, 9, 0, 'closed', 'id, mollis nec, cursus a, enim.', '2013-09-06 05:36:24', '2014-05-21 23:19:49'),
(7, 4, 0, 'created', 'tincidunt congue turpis. In condimentum. Donec at arcu. Vestibulum ante', '2013-06-26 21:09:02', '2014-05-25 04:26:27'),
(8, 9, 1, 'closed', 'magna nec quam. Curabitur', '2013-07-22 23:27:50', '2014-09-01 19:56:50'),
(9, 6, 0, 'running', 'felis. Donec tempor, est', '2013-11-26 17:45:46', '2013-04-26 07:46:50'),
(10, 8, 1, 'closed', 'Sed auctor odio a purus. Duis elementum, dui quis', '2013-05-09 03:25:34', '2014-07-16 07:35:14'),
(11, 10, 1, 'created', 'suscipit, est ac', '2013-08-11 02:43:18', '2014-01-21 03:28:07'),
(12, 5, 0, 'closed', 'molestie orci tincidunt adipiscing.', '2013-08-25 11:04:09', '2014-11-22 04:24:12'),
(13, 7, 0, 'closed', 'mauris id sapien. Cras dolor dolor, tempus non, lacinia at,', '2013-09-23 13:23:10', '2014-05-16 21:26:46'),
(14, 4, 0, 'finished', 'erat vitae', '2013-12-21 03:36:56', '2014-03-19 08:09:50'),
(15, 8, 0, 'finished', 'neque tellus, imperdiet non, vestibulum nec, euismod in, dolor.', '2013-03-17 22:11:02', '2014-01-11 23:45:37'),
(16, 10, 0, 'created', 'aliquet lobortis, nisi nibh', '2014-01-13 03:22:00', '2014-01-30 20:01:30'),
(17, 7, 1, 'finished', 'Aliquam nisl.', '2013-06-11 04:01:36', '2013-11-11 08:02:51'),
(18, 4, 1, 'created', 'Sed eu nibh vulputate mauris sagittis', '2013-11-28 13:00:56', '2014-12-17 17:05:53'),
(19, 3, 1, 'created', 'fermentum risus, at fringilla purus mauris a nunc. In', '2013-12-24 10:44:16', '2014-10-27 22:30:00'),
(20, 1, 1, 'running', 'nec, malesuada ut,', '2014-02-07 16:54:09', '2013-08-21 16:06:04');

/*!40101 SET CHARACTER_SET_CLIENT=@OLD_CHARACTER_SET_CLIENT */;
/*!40101 SET CHARACTER_SET_RESULTS=@OLD_CHARACTER_SET_RESULTS */;
/*!40101 SET COLLATION_CONNECTION=@OLD_COLLATION_CONNECTION */;
